,0,1,2,3,4,5,6,7,8,9,10,11,12,13,14,15,16,17,18,19,20,defects
0,0.023696682464454978,0.010526315789473684,0.0,0.0,0.013500482160077147,0.00731943182428692,0.12307692307692307,0.04858074262542737,0.06983791882320894,0.0003556406799243957,0.0070052539404553416,0.0003556221055035091,0.0,0.0029498525073746312,0.024390243902439025,0.0,0.14084507042253522,0.028662420382165606,0.014285714285714285,0.012285012285012284,0.012422360248447206,b'false'
1,0.026066350710900476,0.010526315789473684,0.0,0.0,0.04773384763741562,0.03019046640209107,0.05384615384615385,0.12093504015265963,0.115738218469082,0.0036512811498836304,0.029772329246935205,0.003651248630583267,0.1,0.04129793510324484,0.04878048780487805,0.0,0.22535211267605634,0.06050955414012739,0.05158730158730159,0.04176904176904177,0.012422360248447206,b'false'
2,0.011848341232227489,0.0,0.0,0.0,0.013018322082931534,0.0070665744778758595,0.15384615384615385,0.039755108531446294,0.0824026150912558,0.00028094564352541205,0.0070052539404553416,0.0002809038534893758,0.037500000000000006,0.008849557522123894,0.01829268292682927,0.0,0.1267605633802817,0.03184713375796178,0.013492063492063491,0.012285012285012284,0.0,b'false'
3,0.033175355450236976,0.031578947368421054,0.06896551724137931,0.0,0.024590163934426233,0.014597986017514315,0.05384615384615385,0.11672099864832632,0.05798828657041678,0.0017041444805840104,0.014010507880910683,0.0017041444726713397,0.025,0.04129793510324484,0.04878048780487805,0.0,0.22535211267605634,0.03503184713375796,0.025396825396825397,0.02334152334152334,0.037267080745341616,b'false'
4,0.014218009478672987,0.0,0.0,0.0,0.004339440694310511,0.0019399355768534503,0.25384615384615383,0.023853065118867776,0.03769408880414056,4.627405561958544e-05,0.0017513134851138354,4.630191455909378e-05,0.0,0.0,0.0,0.0,0.07042253521126761,0.012738853503184714,0.003968253968253969,0.004914004914004914,0.0,b'false'
5,0.3056872037914692,0.2947368421052632,0.2068965517241379,0.41935483870967744,0.3510125361620058,0.29799793042393613,0.015384615384615384,0.4443030929474438,0.3109506946336148,0.13241030816018365,0.29772329246935203,0.13241027039983794,0.5625,0.038348082595870206,0.3231707317073171,0.0,0.46478873239436624,0.29936305732484075,0.3325396825396825,0.3796068796068796,0.34782608695652173,b'false'
6,0.011848341232227489,0.0,0.0,0.0,0.01639344262295082,0.008354219856250891,0.11538461538461536,0.0536693965174525,0.07215336420593844,0.0004483745188602135,0.008756567425569177,0.0004483930895479028,0.07500000000000001,0.0,0.024390243902439025,0.0,0.11267605633802817,0.025477707006369428,0.01746031746031746,0.014742014742014743,0.0,b'false'
7,0.014218009478672987,0.010526315789473684,0.0,0.016129032258064516,0.011571841851494697,0.0059675501685326334,0.12307692307692307,0.04921682436193051,0.056251702533369655,0.00029357977008982023,0.005253940455341506,0.00029360762788104055,0.0,0.0058997050147492625,0.012195121951219513,0.0,0.11267605633802817,0.025477707006369428,0.010317460317460317,0.013513513513513513,0.012422360248447206,b'false'
8,0.04265402843601897,0.010526315789473684,0.0,0.016129032258064516,0.029411764705882356,0.018263541591237706,0.0846153846153846,0.07481911425618193,0.11315036774720784,0.0013667469036627608,0.017513134851138354,0.0013667422541242971,0.0,0.008849557522123894,0.006097560975609756,0.0,0.2112676056338028,0.054140127388535034,0.03253968253968254,0.02457002457002457,0.012422360248447206,b'false'
9,0.011848341232227489,0.0,0.0,0.0,0.0014464802314368371,0.00046717292639456964,0.5153846153846153,0.011926532559433888,0.01814900572051212,5.571830899408241e-06,0.0,5.599690027904844e-06,0.0,0.0,0.0,0.0,0.02816901408450704,0.0031847133757961785,0.0015873015873015875,0.0012285012285012285,0.0,b'false'
10,0.1398104265402844,0.12631578947368421,0.0,0.08064516129032258,0.07425265188042429,0.05368167303968401,0.05384615384615385,0.1105192017174207,0.22514301280305096,0.005934009194254609,0.0542907180385289,0.005933999880317073,0.05,0.04424778761061947,0.0,0.0,0.26760563380281693,0.1305732484076433,0.07698412698412699,0.07002457002457002,0.11180124223602483,b'false'
11,0.050213270142180105,0.06486315789473683,0.16027586206896552,-0.007838709677419356,0.048348119575699136,0.025541389185413932,0.030769230769230767,0.2217336407728393,0.05215908471806047,0.005747664120171243,0.025751313485113836,0.00574761177399183,0.135125,0.04919174041297935,0.14814634146341465,0.0,0.16712676056338027,0.02040764331210191,0.054376190476190474,0.039017199017199015,0.07654658385093169,b'false'
12,0.04028436018957346,0.02105263157894737,0.0,0.03225806451612903,0.02844744455159113,0.017358394046348227,0.0846153846153846,0.07529617555855929,0.10688504494688096,0.0013071283130390925,0.017513134851138354,0.0013071515229318173,0.037500000000000006,0.10029498525073746,0.08536585365853659,0.0,0.18309859154929578,0.054140127388535034,0.02857142857142857,0.028255528255528253,0.024844720496894408,b'true'
13,0.026206365531116157,-0.00020732018993339203,0.0,0.0,0.01140090765439436,0.005294927823767428,0.2963982791321473,0.020211336429324406,0.11908883113657638,0.00010122462819504196,0.005150461901696993,0.00010126287065957668,-0.0007385781766377092,-0.00017429573489975434,-0.00012009401246141611,0.0,0.04031171934780696,0.028662420382165606,0.009289340261384853,0.014669427206227253,-0.0002446635781822639,b'false'
14,0.014218009478672987,0.0,0.0,0.0,0.003910526518804243,0.0015678091493481771,0.23761206153846148,0.023603077045400336,0.032752304481067834,1.8261706278584676e-05,0.0013376602451838878,1.8260061138585803e-05,-0.002952450000000001,0.0029498525073746312,0.025110353658536585,0.0,0.08284369014084508,0.004864993630573248,0.005786834920634921,0.0010061670761670756,0.0,b'false'
15,0.037914691943127965,0.031578947368421054,0.0,0.016129032258064516,0.03230472516875603,0.01985484937176921,0.05384615384615385,0.10813389520553392,0.08512666848270226,0.0021470121732386424,0.01926444833625219,0.0021470214496544407,0.0125,0.0029498525073746312,0.03658536585365854,0.0,0.22535211267605634,0.04777070063694268,0.03412698412698413,0.029484029484029485,0.037267080745341616,b'false'
16,0.8530805687203793,0.7263157894736841,0.896551724137931,0.7258064516129032,0.8886210221793636,0.8961334432746955,0.007692307692307692,0.7770533513556493,0.5346976300735494,0.6963322861278364,0.8966725043782837,0.6963323200401708,0.4625,0.5634218289085545,1.0,0.0,0.9577464788732395,0.7993630573248408,0.8984126984126984,0.8734643734643734,0.6770186335403726,b'false'
17,0.011848341232227489,0.0,0.0,0.0,0.006750241080038573,0.0032415961430203198,0.1923076923076923,0.031804086825157035,0.0472623263415963,0.00010309280121630098,0.0035026269702276708,0.00010305101200606974,0.0125,0.0029498525073746312,0.012195121951219513,0.0,0.09859154929577466,0.01592356687898089,0.007142857142857143,0.006142506142506142,0.0,b'false'
18,0.007109004739336493,0.0,0.0,0.0,0.0057859209257473485,0.002277468016173527,0.25384615384615383,0.023853065118867776,0.04426586761100518,5.432535126923035e-05,0.0017513134851138354,5.4325351016987286e-05,0.0,0.0,0.0,0.0,0.04225352112676056,0.012738853503184714,0.004761904761904762,0.007371007371007371,0.0,b'false'
19,0.29826705500720896,0.30526315789473685,0.2466616063718661,0.05710387492980077,0.3331051701134213,0.27494622384689416,0.02341359688963542,0.28072905573399876,0.4473446125697854,0.0773983693721107,0.27560774879693023,0.07739837840073065,0.08859418989131514,0.11168744104139312,0.023815915296858996,0.0,0.3303226063991893,0.2781851616726778,0.34774590578158254,0.3104426063027539,0.3636465524575003,b'false'
20,0.014218009478672987,0.0,0.0,0.0,0.0057859209257473485,0.0025221498363726825,0.3076923076923077,0.019877554265723147,0.05880550258785072,5.0127905325009475e-05,0.0017513134851138354,5.0146477861834417e-05,0.025,0.0058997050147492625,0.01829268292682927,0.0,0.056338028169014086,0.01592356687898089,0.005555555555555556,0.006142506142506142,0.0,b'false'
21,0.14691943127962087,0.11578947368421053,0.06896551724137931,0.14516129032258063,0.2372227579556413,0.19523214990644866,0.015384615384615384,0.319790093026954,0.2830291473712885,0.0624365441010439,0.19439579684763575,0.06243654381113901,0.375,0.05309734513274336,0.45121951219512196,0.0,0.4225352112676057,0.2515923566878981,0.22777777777777777,0.25184275184275184,0.13664596273291924,b'false'
22,0.016587677725118485,0.010526315789473684,0.0,0.0,0.011571841851494697,0.006201720597887912,0.12307692307692307,0.04921682436193051,0.05843094524652683,0.00030510417366676293,0.0070052539404553416,0.00030514131778926245,0.0,0.014749262536873156,0.01829268292682927,0.0,0.14084507042253522,0.025477707006369428,0.011904761904761904,0.011056511056511056,0.012422360248447206,b'false'
23,0.07419952606635073,0.040570526315789474,-0.020110344827586214,0.011425806451612902,0.11413056894889102,0.07792958115611286,0.03189076923076923,0.2163925419416395,0.166552703622991,0.016895192712056327,0.07709387040280209,0.016895177931404298,0.0231775,0.047258407079646014,0.2652390243902439,0.0,0.2855070422535212,0.08685031847133759,0.13253841269841268,0.08563685503685504,0.04787826086956522,b'false'
24,0.4170616113744076,0.4210526315789474,0.1724137931034483,0.3548387096774194,0.36933461909353904,0.3258992494866938,0.015384615384615384,0.43587500993877715,0.3466698447289567,0.1420485448274435,0.3257443082311734,0.1420485070223456,0.7875000000000001,0.09144542772861357,0.8170731707317074,0.0,0.619718309859155,0.35031847133757965,0.3952380952380952,0.32923832923832924,0.3664596273291925,b'false'
25,0.04265402843601897,0.010526315789473684,0.0,0.0,0.027000964320154294,0.01526078760683661,0.06923076923076922,0.08412180965254036,0.08413919912830292,0.0012834712476786883,0.01576182136602452,0.0012834991008736519,0.0,0.0,0.01829268292682927,0.0,0.14084507042253522,0.04140127388535032,0.024603174603174603,0.030712530712530713,0.012422360248447206,b'false'
26,0.03080568720379147,0.0,0.0,0.0,0.038090646094503376,0.02221348868390379,0.0846153846153846,0.07553470620974796,0.13633887224189595,0.0016779150866250462,0.02276707530647986,0.0016779011492569797,0.037500000000000006,0.035398230088495575,0.042682926829268296,0.0,0.11267605633802817,0.05732484076433121,0.03253968253968254,0.04668304668304668,0.0,b'false'
27,0.34988118302080373,0.20230355766592656,0.0,0.2770172642356519,0.3369707191952019,0.2955898965233246,0.02274024926421073,0.2435222727194352,0.5761488751155378,0.07155743474047079,0.2948605426673156,0.0715574254266631,0.0008206424184863436,0.18476292075800227,0.06698031037916836,0.0,0.44216772339258376,0.3756355977845143,0.3800613266752767,0.2702702702702703,0.22319471184174589,b'true'
28,0.11118483412322276,0.12442105263157896,0.23517241379310344,0.08354838709677419,0.18622950819672132,0.13546714956774827,0.015384615384615384,0.4506511886777451,0.13906360664669026,0.06102736361907282,0.1351663747810858,0.06102736760744802,-0.0022500000000000003,0.06436578171091445,0.08268292682926828,0.0,0.3726760563380282,0.11439490445859873,0.18858730158730158,0.18257985257985257,0.14683229813664594,b'false'
29,0.05687203791469195,0.052631578947368425,0.0,0.08064516129032258,0.08727097396335583,0.058705533896899614,0.030769230769230767,0.18867774509024413,0.1442386270770907,0.011078118494669777,0.05954465849387041,0.01107810915684715,0.037500000000000006,0.0,0.024390243902439025,0.0,0.2112676056338028,0.09554140127388536,0.07301587301587302,0.10933660933660934,0.06211180124223602,b'false'
30,0.22985781990521328,0.09473684210526315,0.3103448275862069,0.0967741935483871,0.233847637415622,0.2002344040158185,0.030769230769230767,0.2166653414963823,0.4284935984745301,0.04338048775371234,0.19964973730297722,0.04338046433632641,0.07500000000000001,0.16814159292035397,0.29878048780487804,0.0,0.4366197183098592,0.32165605095541405,0.24841269841269842,0.2113022113022113,0.11180124223602483,b'false'
31,0.03080568720379147,0.010526315789473684,0.0,0.0,0.011571841851494697,0.005703597465119702,0.06923076923076922,0.08746123876918185,0.030236992645055846,0.0004988599500012683,0.005253940455341506,0.0004988738772621494,0.0,0.0,0.01829268292682927,0.0,0.1267605633802817,0.01592356687898089,0.010317460317460317,0.013513513513513513,0.012422360248447206,b'false'
32,0.17535545023696683,0.16842105263157894,0.27586206896551724,0.16129032258064518,0.22661523625843782,0.18896794492965546,0.023076923076923075,0.3045241313508786,0.2876600381367475,0.05755150172148913,0.18914185639229422,0.05755152467022841,0.3125,0.04424778761061947,0.46951219512195125,0.0,0.4507042253521127,0.267515923566879,0.21825396825396826,0.23955773955773954,0.19875776397515527,b'false'
33,0.03080568720379147,0.02105263157894737,0.06896551724137931,0.016129032258064516,0.021697203471552556,0.012772507807627533,0.05384615384615385,0.10988311998091756,0.05390220648324707,0.0014033491894794566,0.01225919439579685,0.0014033491829634362,0.037500000000000006,0.011799410029498525,0.07317073170731708,0.0,0.2112676056338028,0.03503184713375796,0.020634920634920634,0.02334152334152334,0.024844720496894408,b'false'
34,0.019045166833594876,0.0,0.0,0.0,0.009857630108642452,0.0050286752503048955,0.14016716554370942,0.04164617528799696,0.056267275363828806,0.00020685817682957093,0.005383749225138483,0.00020685817586908856,0.0,0.00906820297213591,0.03116573909348238,0.0,0.11476396640997391,0.022765100685057795,0.009729700655904172,0.010055653585854035,0.0,b'false'
35,0.05687203791469195,0.031578947368421054,0.0,0.0,0.045323047251687565,0.02773839250467757,0.05384615384615385,0.11926532559433889,0.10783846363388723,0.003308274596523643,0.028021015761821366,0.00330824672200832,0.0,0.02359882005899705,0.042682926829268296,0.0,0.2112676056338028,0.050955414012738856,0.050793650793650794,0.036855036855036855,0.037267080745341616,b'false'
36,0.019569384658767775,0.0,0.0,0.0,0.006309591823529411,0.0027327181188020757,0.15756491806153844,0.037761039728393106,0.0334941268213702,0.00010297341903733871,0.0036534035761821367,0.00010299623477277128,0.0,0.0,0.025965123939024393,0.0,0.08571962594366199,0.009279957191082804,0.0072795134,0.004808239014742015,0.0,b'false'
37,0.053635003129669734,0.042105263157894736,0.0,0.03225806451612903,0.02969537981475926,0.017916228602640943,0.08567123657484435,0.07417414003686804,0.11163281171145117,0.0013247655685811092,0.01735287711064826,0.0013247300858854408,0.0125,0.0,0.03798029222286348,0.0,0.19718309859154928,0.04747927652923617,0.034199608864936386,0.02272323165355142,0.049689440993788817,b'false'
38,0.002369668246445498,0.0,0.0,0.0,0.0,0.0,0.0,0.0,0.0,0.0,0.0,0.0,0.0,0.0,0.006097560975609756,0.0,0.0,0.0,0.0,0.0,0.0,b'false'
39,0.05213270142180096,0.031578947368421054,0.0,0.04838709677419355,0.03567984570877532,0.02314900246900892,0.06923076923076922,0.09199332114176673,0.11665758648869518,0.0021298184317215516,0.02276707530647986,0.002129804492255211,0.0125,0.06784660766961652,0.0,0.0,0.23943661971830985,0.06687898089171974,0.03730158730158731,0.033169533169533166,0.037267080745341616,b'false'
40,0.20500539336492896,0.0005005263157894617,-0.024434068965517246,0.004576548387096757,0.40114904243008676,0.37189931724545505,0.032586123076923074,0.18435886523018208,0.8542378936257151,0.07060138764815074,0.37213261646234674,0.0706013761325164,0.03140344999999999,0.1471894808259587,0.3845297682926829,0.0,0.3073101408450704,0.5628638598726114,0.3582736841269841,0.4675163046683047,0.0005906832298136558,b'true'
41,0.011848341232227489,0.0,0.0,0.0,0.007232401157184185,0.0034576636214778086,0.1923076923076923,0.031804086825157035,0.05039498774175974,0.00010996472599223781,0.0035026269702276708,0.0001099879414436235,0.0125,0.02064896755162242,0.03048780487804878,0.0,0.09859154929577466,0.01592356687898089,0.007936507936507936,0.006142506142506142,0.0,b'false'
42,0.018957345971563982,0.02105263157894737,0.0,0.0,0.019286403085824494,0.009984069403209946,0.05384615384615385,0.11242744692693013,0.04116725687823481,0.0011227053534610958,0.010507880910683012,0.0011226960618633697,0.0,0.0,0.006097560975609756,0.0,0.14084507042253522,0.02229299363057325,0.01746031746031746,0.022113022113022112,0.024844720496894408,b'false'
43,0.04502369668246446,0.031578947368421054,0.0,0.04838709677419355,0.04628736740597879,0.030737058725972717,0.06923076923076922,0.08841536137393655,0.16122991010623808,0.0027165275822368233,0.03152364273204904,0.002716518283238673,0.037500000000000006,0.035398230088495575,0.08536585365853659,0.0,0.22535211267605634,0.08280254777070065,0.04920634920634921,0.04176904176904177,0.037267080745341616,b'false'
44,0.028401995356033563,0.010072906534089356,0.0,-0.00046315999205926025,0.027111729679875313,0.015898973097644882,0.08505716799242574,0.07208400998203111,0.10166737539414904,0.0011499458860512873,0.015837257231631367,0.0011499405708517774,0.07535894899384593,0.014749262536873156,0.04869293926979368,0.0,0.18289636676403048,0.041629903817736263,0.031123309044688532,0.020902159655717244,0.01197646087721003,b'false'
45,0.016587677725118485,0.0,0.0,0.0,0.01591128254580521,0.008115377697631668,0.12307692307692307,0.04921682436193051,0.07647779896485972,0.0003992681158667622,0.008756567425569177,0.00039924954124330507,0.0,0.0058997050147492625,0.03658536585365854,0.0,0.11267605633802817,0.025477707006369428,0.01746031746031746,0.013513513513513513,0.0,b'false'
46,0.016587677725118485,0.0,0.0,0.0,0.015429122468659597,0.007877119505170437,0.12307692307692307,0.04921682436193051,0.07423045491691638,0.00038752548224625937,0.0070052539404553416,0.000387548696408877,0.0,0.0058997050147492625,0.03658536585365854,0.0,0.11267605633802817,0.025477707006369428,0.016666666666666666,0.013513513513513513,0.0,b'false'
47,0.06161137440758295,0.02105263157894737,0.0,0.0,0.062198649951784,0.04348387202264855,0.061538461538461535,0.09573030134372267,0.2106033778262054,0.004162598785137493,0.043782837127845885,0.004162575549847772,0.0,0.11504424778761062,0.07317073170731708,0.0,0.19718309859154928,0.12101910828025478,0.05396825396825397,0.07493857493857493,0.024844720496894408,b'false'
48,0.03080568720379147,0.0,0.0,0.0,0.04098360655737705,0.02133345168380802,0.061538461538461535,0.10376083326707483,0.09530781803323345,0.0022136187684486516,0.021015761821366025,0.0022136326877475777,0.0,0.017699115044247787,0.03048780487804878,0.0,0.11267605633802817,0.03184713375796178,0.044444444444444446,0.03562653562653562,0.0,b'false'
49,0.014218009478672987,0.0,0.0,0.0,0.0033751205400192863,0.001401518779183709,0.3846153846153846,0.015902043412578518,0.040860800871697085,2.2287323597632965e-05,0.0017513134851138354,2.2315182648516316e-05,0.0,0.0,0.006097560975609756,0.0,0.04225352112676056,0.012738853503184714,0.002380952380952381,0.004914004914004914,0.0,b'false'
50,0.037914691943127965,0.010526315789473684,0.0,0.0,0.025072324011571844,0.014716531147586935,0.05384615384615385,0.11433569213643954,0.059690819940070826,0.001682056814260273,0.014010507880910683,0.0016820800224121326,0.0,0.0,0.042682926829268296,0.0,0.19718309859154928,0.038216560509554146,0.023015873015873014,0.028255528255528253,0.012422360248447206,b'false'
51,0.07782700405235021,0.0412238355654276,0.13937475209110997,-0.0020258618052672044,0.07436872705457694,0.05004693396601547,0.038461538461538464,0.16499912893735694,0.14061491711277826,0.00825784552945837,0.050843083814328616,0.00825781738896086,0.1388083690825684,0.08346039726989771,0.09851831884090372,0.0,0.25248917368135454,0.08582058992578748,0.07553804618668994,0.07255872446678537,0.04923435609550415,b'false'
52,0.07582938388625593,0.052631578947368425,0.0,0.06451612903225806,0.08244937319189971,0.0578033061828001,0.038461538461538464,0.14677586069809972,0.18261372922909289,0.008482940746229649,0.05779334500875657,0.008482945350034117,0.08750000000000001,0.08849557522123894,0.18902439024390244,0.0,0.25352112676056343,0.11146496815286625,0.08174603174603175,0.08353808353808354,0.06211180124223602,b'true'
53,0.03411232547647726,0.022241808574656845,0.0,0.03408019055794193,0.016930073198935584,0.008593721732035407,0.04007074844502461,0.14895695948835652,0.023737976869976286,0.0012800312003351949,0.008756567425569177,0.001280040218501618,-0.0014121476824050007,-0.0008331254763451331,0.016914977870824393,0.0,0.15811188210119437,0.014664326907409554,0.015962676043327302,0.018427518427518427,0.026248097075681986,b'false'
54,0.009478672985781991,0.0,0.0,0.0,0.0019286403085824494,0.0006779847094301191,0.5153846153846153,0.011926532559433888,0.02635521656224462,8.083797996558122e-06,0.0,8.107013920996565e-06,0.0125,0.0029498525073746312,0.012195121951219513,0.0,0.02816901408450704,0.006369426751592357,0.0015873015873015875,0.002457002457002457,0.0,b'false'
55,0.24407582938388628,0.17894736842105263,0.41379310344827586,0.0967741935483871,0.17888138862102218,0.1410260752568867,0.015384615384615384,0.32901327820624954,0.19871969490602015,0.046399315021396555,0.14010507880910683,0.04639928230360884,0.0625,0.20648967551622419,0.23170731707317074,0.0,0.4366197183098592,0.18471337579617836,0.1753968253968254,0.18427518427518427,0.21118012422360247,b'false'
56,0.016587677725118485,0.010526315789473684,0.0,0.0,0.00626808100289296,0.002828148103161126,0.1769230769230769,0.034825475073546955,0.03769408880414056,9.8384604106301e-05,0.0035026269702276708,9.837067407229852e-05,0.0,0.029498525073746312,0.024390243902439025,0.0,0.08450704225352114,0.012738853503184714,0.006349206349206349,0.006142506142506142,0.012422360248447206,b'false'
57,0.1090047393364929,0.12631578947368421,0.06896551724137931,0.016129032258064516,0.07184185149469624,0.050409710656448045,0.030769230769230767,0.22151546473721875,0.10552301825115772,0.011165582310213237,0.05078809106830122,0.011165614760716052,0.08750000000000001,0.04129793510324484,0.12195121951219512,0.0,0.35211267605633806,0.089171974522293,0.07063492063492063,0.07371007371007371,0.12422360248447205,b'false'
58,0.014218009478672987,0.0,0.0,0.0,0.013982642237222759,0.0071605930293127664,0.13846153846153844,0.04476425220640853,0.07423045491691638,0.0003202688400979857,0.0070052539404553416,0.0003202688386109158,0.0,0.0,0.0,0.0,0.11267605633802817,0.025477707006369428,0.015079365079365078,0.012285012285012284,0.0,b'false'
59,0.06326387886303318,0.042105263157894736,0.06656083834413792,0.03338283367774193,0.05118764307799421,0.031206798069178518,0.03899796683092308,0.17291663784915162,0.0837307770927731,0.005390989416890298,0.031157255579579685,0.005390950303542442,0.052615088300750006,0.013720712566076695,0.043958579658902444,0.0,0.23845442692929575,0.04391972272592357,0.05771512479993651,0.04108367874181818,0.049689440993788817,b'false'
60,0.1113744075829384,0.0631578947368421,0.0,0.0967741935483871,0.12005785920925748,0.09500837407470564,0.05384615384615385,0.11314303888049615,0.3894374829746663,0.010746167382452697,0.09457092819614711,0.010746139473401807,0.05,0.08259587020648967,0.2378048780487805,0.0,0.26760563380281693,0.22611464968152867,0.11746031746031746,0.12407862407862408,0.07453416149068323,b'false'
61,0.04028436018957346,0.031578947368421054,0.0,0.04838709677419355,0.038090646094503376,0.02502878953158907,0.09999999999999999,0.06273356126262225,0.1848951239444293,0.001570750205659761,0.0245183887915937,0.00157075484155886,0.025,0.0058997050147492625,0.07317073170731708,0.0,0.16901408450704225,0.089171974522293,0.03571428571428572,0.04176904176904177,0.037267080745341616,b'false'
62,0.06161137440758295,0.052631578947368425,0.0,0.016129032258064516,0.13404050144648025,0.09503348461949934,0.023076923076923075,0.26643873737775303,0.16535004086080088,0.025323553550493,0.09457092819614711,0.025323553432910866,0.17500000000000002,0.014749262536873156,0.06707317073170732,0.0,0.26760563380281693,0.1178343949044586,0.12222222222222222,0.15233415233415232,0.06211180124223602,b'false'
63,0.02132701421800948,0.0,0.0,0.0,0.014946962391513984,0.007300744907231137,0.12307692307692307,0.04873976305955315,0.06949741214927813,0.0003555524592684884,0.0070052539404553416,0.000355538528040406,0.0,0.0058997050147492625,0.03048780487804878,0.0,0.08450704225352114,0.025477707006369428,0.013492063492063491,0.0171990171990172,0.0,b'false'
64,0.02132701421800948,0.031578947368421054,0.0,0.03225806451612903,0.013018322082931534,0.006388005802287746,0.13846153846153844,0.04524131350878589,0.06547943339689458,0.0002888855025570688,0.0070052539404553416,0.00028892728994726934,0.025,0.0058997050147492625,0.12195121951219512,0.0,0.08450704225352114,0.025477707006369428,0.01111111111111111,0.01597051597051597,0.037267080745341616,b'false'
65,0.06635071090047394,0.0631578947368421,0.13793103448275862,0.016129032258064516,0.04773384763741562,0.029709278287904664,0.030769230769230767,0.20139937982030692,0.06837374012530645,0.005984257822582439,0.029772329246935205,0.005984229935642011,0.0,0.02654867256637168,0.03048780487804878,0.0,0.25352112676056343,0.04777070063694268,0.046825396825396826,0.04914004914004914,0.07453416149068323,b'false'
66,0.018957345971563982,0.010526315789473684,0.0,0.0,0.025072324011571844,0.013594148191923982,0.04615384615384615,0.13564443030929474,0.046445110324162354,0.0018442899572813764,0.014010507880910683,0.001844303878295167,0.025,0.0058997050147492625,0.03048780487804878,0.0,0.16901408450704225,0.025477707006369428,0.024603174603174603,0.025798525798525797,0.012422360248447206,b'false'
67,0.39345944075829387,0.2576041263157895,0.45017986206896554,0.3766821612903226,0.359942112825458,0.3229965902110921,0.028952338461538458,0.21367769118231694,0.7667962530645601,0.06823884372430038,0.3224350823117338,0.06823885130516238,0.286905625,0.1502117581120944,0.4522295609756098,0.0,0.37784064788732397,0.45102773248407646,0.38713361587301587,0.31785207125307124,0.30400486956521733,b'false'
68,0.46208530805687204,0.37894736842105264,0.6896551724137931,0.4032258064516129,0.5670202507232401,0.533473524142329,0.007692307692307692,0.5688160928679337,0.4348270226096432,0.30344985064080443,0.5341506129597198,0.3034498770909828,0.17500000000000002,0.5014749262536873,0.9451219512195123,0.0,0.7183098591549296,0.5254777070063694,0.573015873015873,0.5577395577395577,0.4347826086956521,b'true'
69,0.06289665565071091,0.0226838757431579,0.0,0.0,0.04101744977164899,0.026430336905826465,0.0923076923076923,0.06610995504387375,0.1854037721176042,0.001746923629435979,0.02599830438598949,0.0017468843171440777,-0.002905653667500002,0.027691505867256636,-0.0028347840658536605,0.0,0.1560209027859155,0.08329607705605097,0.03894459589396826,0.044226044226044224,0.02676979124968944,b'false'
70,0.2132701421800948,0.17894736842105263,0.2068965517241379,0.24193548387096775,0.2844744455159113,0.24386777137491333,0.038461538461538464,0.17023137473165303,0.6641582675020431,0.041515897759187445,0.2434325744308231,0.0415159347119603,0.05,0.05309734513274336,0.024390243902439025,0.0,0.295774647887324,0.356687898089172,0.29523809523809524,0.2678132678132678,0.21118012422360247,b'true'
71,0.011848341232227489,0.0,0.0,0.0,0.0024108003857280617,0.0009057315110474718,0.3846153846153846,0.015902043412578518,0.026389267229637702,1.4403182874970303e-05,0.0017513134851138354,1.4375323653725867e-05,0.0,0.0,0.0,0.0,0.04225352112676056,0.006369426751592357,0.002380952380952381,0.002457002457002457,0.0,b'false'
72,0.03329059398539391,0.010270364937704064,0.0,-0.0007843655134875445,0.02956417516968924,0.017292509897567008,0.11557165639167778,0.05454811974987626,0.14681900005577211,0.0009442302080206047,0.01759830238500215,0.0009442443590150651,0.0,0.0,0.0,0.0,0.14016013152343343,0.05087797665312703,0.032771257119855055,0.024599895983928886,0.01212030644822219,b'false'
73,0.09478672985781991,0.07368421052631578,0.1724137931034483,0.08064516129032258,0.08968177434908389,0.06502054392943821,0.05384615384615385,0.11767512125308104,0.25612912013075456,0.007652635791984665,0.0647985989492119,0.007652603254105241,0.0125,0.02654867256637168,0.012195121951219513,0.0,0.25352112676056343,0.13694267515923567,0.09444444444444444,0.08230958230958231,0.08695652173913043,b'false'
74,0.038922654028436025,0.006382526315789472,0.0,0.018245483870967742,0.0280045612343298,0.01763691529220499,0.0906716923076923,0.0646423089767035,0.11526187006265322,0.0011512230498026545,0.017742942206654993,0.0011511872646667583,-0.0016402500000000004,0.018473274336283187,-0.0008001219512195124,0.0,0.22050845070422534,0.05429859872611465,0.032058460317460326,0.021729484029484027,0.007532173913043479,b'false'
75,0.011848341232227489,0.0,0.0,0.0,0.0024108003857280617,0.0009057315110474718,0.3846153846153846,0.015902043412578518,0.026389267229637702,1.4403182874970303e-05,0.0017513134851138354,1.4375323653725867e-05,0.0,0.0,0.0,0.0,0.04225352112676056,0.006369426751592357,0.002380952380952381,0.002457002457002457,0.0,b'false'
76,0.04502369668246446,0.02105263157894737,0.0,0.03225806451612903,0.033751205400192864,0.020541009607411235,0.07692307692307693,0.08181601335771646,0.11635113048215745,0.0016812674715495233,0.021015761821366025,0.001681244247781102,0.0,0.0,0.03048780487804878,0.0,0.18309859154929578,0.054140127388535034,0.03571428571428572,0.030712530712530713,0.024844720496894408,b'false'
77,0.06330099966824645,0.049610756421052636,0.1247366372413793,0.061430342580645156,0.0504004580906461,0.033623740149869075,0.04688968753846154,0.1264259714367496,0.12381773456074639,0.00424062433546261,0.033945074465849386,0.004240589391057947,0.025,0.023188597109144542,0.01108248914634147,0.0,0.2662583185915493,0.0762948847133758,0.052684632952380954,0.04686475744471744,0.0585468554037267,b'true'
78,0.011848341232227489,0.010526315789473684,0.0,0.016129032258064516,0.012536162005785922,0.006574874972845575,0.12307692307692307,0.05001192653255944,0.0609847453010079,0.000328598727292601,0.0070052539404553416,0.0003286265849212216,0.025,0.017699115044247787,0.024390243902439025,0.0,0.14084507042253522,0.02229299363057325,0.014285714285714285,0.009828009828009828,0.012422360248447206,b'false'
79,0.018957345971563982,0.0,0.0,0.0,0.013018322082931534,0.006683492678232312,0.1076923076923077,0.056770294982905305,0.054549169163715605,0.00037957633682977025,0.0070052539404553416,0.00037960883741408656,0.0,0.0,0.012195121951219513,0.0,0.1267605633802817,0.02229299363057325,0.013492063492063491,0.012285012285012284,0.0,b'false'
80,0.04265402843601897,0.02105263157894737,0.0,0.03225806451612903,0.035197685631629706,0.02140878331818915,0.07692307692307693,0.07752246163632028,0.12803050939798422,0.0016596859131991488,0.021015761821366025,0.0016596812623005132,0.1125,0.02064896755162242,0.07926829268292683,0.0,0.16901408450704225,0.05732484076433121,0.03650793650793651,0.033169533169533166,0.024844720496894408,b'false'
81,0.05213270142180096,0.031578947368421054,0.10344827586206896,0.04838709677419355,0.045805207328833177,0.028755077585743756,0.07692307692307693,0.08348572791603721,0.15969763007354942,0.0024006790613190347,0.028021015761821366,0.00240067905017222,0.0125,0.014749262536873156,0.042682926829268296,0.0,0.19718309859154928,0.06369426751592357,0.05317460317460318,0.0343980343980344,0.037267080745341616,b'false'
82,0.03347850573793055,0.010648736288427453,0.0,0.0,0.01898929038776281,0.010823459188241003,0.06404202346742102,0.08544404642793639,0.05895679536694323,0.0009161449915289205,0.01060971932925226,0.0009161313276983158,0.0,0.02088911395812465,0.043179327023196684,0.0,0.17065210526769126,0.03536518957517666,0.016823578655405028,0.02234162058772694,0.012566831644728051,b'false'
83,0.009478672985781991,0.0,0.0,0.0,0.002892960462873674,0.0011474935004566617,0.3846153846153846,0.015902043412578518,0.03347180604739853,1.824774619556199e-05,0.0017513134851138354,1.8219886956466507e-05,0.025,0.0029498525073746312,0.01829268292682927,0.0,0.04225352112676056,0.009554140127388536,0.002380952380952381,0.0036855036855036856,0.0,b'false'
84,0.026066350710900476,0.010526315789473684,0.0,0.016129032258064516,0.015429122468659597,0.00832852534529919,0.12307692307692307,0.04858074262542737,0.07947425769545083,0.0004046960078012691,0.008756567425569177,0.0004046820763450038,0.0,0.011799410029498525,0.024390243902439025,0.0,0.14084507042253522,0.028662420382165606,0.01746031746031746,0.012285012285012284,0.012422360248447206,b'false'
85,0.007109004739336493,0.0,0.0,0.0,0.0019286403085824494,0.0006779847094301191,0.3846153846153846,0.015902043412578518,0.019749387087986923,1.0781492790354945e-05,0.0,1.07814927402944e-05,0.025,0.0,0.01829268292682927,0.0,0.04225352112676056,0.0031847133757961785,0.002380952380952381,0.0012285012285012285,0.0,b'false'
86,0.011848341232227489,0.0,0.0,0.0,0.006750241080038573,0.0032415961430203198,0.1923076923076923,0.031804086825157035,0.0472623263415963,0.00010309280121630098,0.0035026269702276708,0.00010305101200606974,0.0125,0.0029498525073746312,0.0,0.0,0.09859154929577466,0.01592356687898089,0.007142857142857143,0.006142506142506142,0.0,b'false'
87,0.023696682464454978,0.0,0.0,0.0,0.01976856316297011,0.0090760020275305,0.12307692307692307,0.049693885664307866,0.08468400980659221,0.0004510257817298486,0.008756567425569177,0.00045098399090409756,0.0,0.0029498525073746312,0.01829268292682927,0.0,0.056338028169014086,0.025477707006369428,0.016666666666666666,0.02457002457002457,0.0,b'false'
88,0.2132701421800948,0.19999999999999998,0.27586206896551724,0.04838709677419355,0.2733847637415622,0.21841852620956914,0.015384615384615384,0.40923908722270813,0.24744619994551895,0.08938763874363888,0.21891418563922943,0.0893876011830557,0.25,0.2831858407079646,0.2804878048780488,0.0,0.3802816901408451,0.21656050955414013,0.2515873015873016,0.3071253071253071,0.23602484472049687,b'true'
89,0.02132701421800948,0.0,0.0,0.0,0.004339440694310511,0.0016391930054869461,0.3846153846153846,0.015902043412578518,0.047807137019885586,2.6071525416814394e-05,0.0017513134851138354,2.60761684881539e-05,0.0,0.0029498525073746312,0.03048780487804878,0.0,0.04225352112676056,0.009554140127388536,0.004761904761904762,0.0036855036855036856,0.0,b'false'
90,0.016587677725118485,0.0,0.0,0.0,0.005303760848601736,0.0023276891057609434,0.16153846153846152,0.03713127136837084,0.02907926995369109,8.637730851807626e-05,0.0017513134851138354,8.633551938545826e-05,0.0,0.008849557522123894,0.0,0.0,0.08450704225352114,0.009554140127388536,0.005555555555555556,0.004914004914004914,0.0,b'false'
91,0.10663507109004741,0.14736842105263157,0.06896551724137931,0.0,0.11475409836065574,0.07956013333115321,0.030769230769230767,0.17730778405025047,0.20804957777172434,0.01410506670588988,0.0788091068301226,0.01410503413805058,0.1,0.10324483775811209,0.13414634146341464,0.0,0.19718309859154928,0.1178343949044586,0.10158730158730159,0.13513513513513514,0.17391304347826084,b'false'
92,0.03080568720379147,0.02105263157894737,0.0,0.016129032258064516,0.02651880424300868,0.015549266888885256,0.0923076923076923,0.0685378071082134,0.10525061291201307,0.0010651715562322898,0.01576182136602452,0.0010651947672484661,0.05,0.02359882005899705,0.042682926829268296,0.0,0.18309859154929578,0.04140127388535032,0.03095238095238095,0.019656019656019656,0.024844720496894408,b'false'
93,0.018957345971563982,0.010526315789473684,0.0,0.0,0.012536162005785922,0.006444650519613088,0.0923076923076923,0.06559592907688638,0.04555979297194225,0.00042275338310776794,0.0070052539404553416,0.00042273480837526416,0.037500000000000006,0.008849557522123894,0.006097560975609756,0.0,0.14084507042253522,0.019108280254777073,0.013492063492063491,0.011056511056511056,0.012422360248447206,b'false'
94,0.0971563981042654,0.010526315789473684,0.0,0.016129032258064516,0.10077145612343298,0.07685169829038069,0.05384615384615385,0.11036018128329492,0.32283437755380007,0.008482281412906552,0.07705779334500876,0.008482276730329292,0.0,0.017699115044247787,0.006097560975609756,0.0,0.23943661971830985,0.18789808917197454,0.09365079365079365,0.11179361179361179,0.012422360248447206,b'false'
95,0.15876777251184834,0.11578947368421053,0.13793103448275862,0.0967741935483871,0.08968177434908389,0.06600569483797275,0.038461538461538464,0.17261668124353982,0.1772337237809861,0.01139610752729142,0.06654991243432574,0.011396121403954284,0.05,0.1710914454277286,0.2378048780487805,0.0,0.323943661971831,0.1337579617834395,0.08730158730158731,0.09336609336609336,0.13664596273291924,b'false'
96,0.026066350710900476,0.010526315789473684,0.0,0.016129032258064516,0.010607521697203472,0.005489865851294187,0.12307692307692307,0.05112506957143993,0.04978207572868428,0.00028061597686386373,0.005253940455341506,0.0002806531211000666,0.0,0.0,0.042682926829268296,0.0,0.1267605633802817,0.02229299363057325,0.010317460317460317,0.011056511056511056,0.012422360248447206,b'false'
97,0.011848341232227489,0.0,0.0,0.0,0.008678881388621024,0.004105866056850274,0.22307692307692303,0.02727200445257216,0.06983791882320894,0.00011192879638427922,0.0035026269702276708,0.00011191022309499382,0.0,0.0,0.0,0.0,0.07042253521126761,0.02229299363057325,0.007936507936507936,0.009828009828009828,0.0,b'false'
98,0.07393364928909954,0.042105263157894736,0.09655172413793103,0.04516129032258064,0.05284474445515911,0.03592291179541564,0.04461538461538461,0.14192573745726325,0.11686870062653229,0.005080011886386859,0.03572679509632224,0.0050799886468374114,0.015,0.04365781710914454,0.12317073170731709,0.0,0.33239436619718316,0.07133757961783439,0.061587301587301586,0.03931203931203932,0.049689440993788817,b'false'
99,0.03080568720379147,0.042105263157894736,0.0,0.03225806451612903,0.019286403085824494,0.010830820332300104,0.05384615384615385,0.11926532559433889,0.04208662489784799,0.0012917314869870609,0.010507880910683012,0.0012917732697208548,0.05,0.014749262536873156,0.054878048780487805,0.0,0.19718309859154928,0.025477707006369428,0.019047619047619046,0.019656019656019656,0.043478260869565216,b'false'
100,0.004739336492890996,0.0,0.0,0.0,0.00626808100289296,0.002828148103161126,0.1769230769230769,0.034825475073546955,0.03769408880414056,9.8384604106301e-05,0.0035026269702276708,9.837067407229852e-05,0.0,0.0,0.0,0.0,0.08450704225352114,0.012738853503184714,0.006349206349206349,0.006142506142506142,0.0,b'false'
101,0.09478672985781991,0.09473684210526315,0.2068965517241379,0.016129032258064516,0.14995178399228545,0.1112957741872943,0.023076923076923075,0.30842013198696033,0.16732497956959957,0.034324117387277676,0.11208406304728546,0.034324010434479114,0.037500000000000006,0.02359882005899705,0.03658536585365854,0.0,0.3943661971830986,0.12738853503184713,0.1619047619047619,0.13144963144963145,0.11180124223602483,b'false'
102,0.03080568720379147,0.052631578947368425,0.13793103448275862,0.0,0.027965284474445518,0.016195133459625748,0.04615384615384615,0.13993798203069097,0.0536638518114955,0.002266314359179805,0.01576182136602452,0.002266286489502504,0.025,0.0058997050147492625,0.03658536585365854,0.0,0.2112676056338028,0.03184713375796178,0.02857142857142857,0.027027027027027025,0.06211180124223602,b'false'
103,0.05687203791469195,0.010526315789473684,0.0,0.016129032258064516,0.06702025072324011,0.04436274109042833,0.04615384615384615,0.12284328536216904,0.1674611822391719,0.005449111323848775,0.043782837127845885,0.005449083439393134,0.025,0.011799410029498525,0.06097560975609756,0.0,0.18309859154929578,0.09235668789808918,0.05952380952380953,0.07862407862407862,0.012422360248447206,b'false'
104,0.033175355450236976,0.010526315789473684,0.0,0.0,0.01976856316297011,0.010418540224756896,0.07692307692307693,0.07656833903156557,0.063129937346772,0.0007973382880901516,0.010507880910683012,0.0007973289980031673,0.0,0.0,0.01829268292682927,0.0,0.14084507042253522,0.025477707006369428,0.02142857142857143,0.0171990171990172,0.012422360248447206,b'false'
105,0.15402843601895735,0.08421052631578947,0.10344827586206896,0.0967741935483871,0.16441658630665382,0.12867635894764626,0.023076923076923075,0.23042060904826273,0.25888722418959415,0.029653743722699858,0.12784588441331,0.02965378537374337,0.0625,0.07669616519174041,0.20731707317073172,0.0,0.35211267605633806,0.1942675159235669,0.1626984126984127,0.16707616707616707,0.09937888198757763,b'false'
106,0.016587677725118485,0.0,0.0,0.0,0.023143683702989394,0.01058847437673292,0.1076923076923077,0.05565715194402481,0.08819122854807954,0.0005893371974228258,0.010507880910683012,0.0005893046923396575,0.0,0.008849557522123894,0.01829268292682927,0.0,0.08450704225352114,0.019108280254777073,0.02857142857142857,0.014742014742014743,0.0,b'false'
107,0.018957345971563982,0.0,0.0,0.0,0.03857280617164899,0.021397103995029285,0.038461538461538464,0.16076965890116882,0.0616998093162626,0.0034404152094955256,0.021015761821366025,0.0034403826911742533,0.0,0.0058997050147492625,0.01829268292682927,0.0,0.18309859154929578,0.028662420382165606,0.04285714285714286,0.03194103194103194,0.0,b'false'
108,0.07109004739336494,0.0631578947368421,0.0,0.06451612903225806,0.06027000964320155,0.03610487565024632,0.030769230769230767,0.18684901009779759,0.08958730591119586,0.006746233557231013,0.03677758318739054,0.0067462056667525845,0.025,0.08849557522123894,0.12804878048780488,0.0,0.19718309859154928,0.04777070063694268,0.06190476190476191,0.05773955773955774,0.07453416149068323,b'false'
109,0.2488151658767773,0.12631578947368421,0.0,0.16129032258064518,0.2025072324011572,0.15999388003466425,0.030769230769230767,0.21499562693806154,0.34496731135930264,0.0344013522499283,0.159369527145359,0.03440131958784944,0.0,0.04129793510324484,0.31097560975609756,0.0,0.26760563380281693,0.22611464968152867,0.18095238095238095,0.23587223587223588,0.14906832298136644,b'false'
110,0.014218009478672987,0.010526315789473684,0.0,0.016129032258064516,0.011571841851494697,0.0059675501685326334,0.12307692307692307,0.04921682436193051,0.056251702533369655,0.00029357977008982023,0.005253940455341506,0.00029360762788104055,0.0,0.0058997050147492625,0.012195121951219513,0.0,0.11267605633802817,0.025477707006369428,0.010317460317460317,0.013513513513513513,0.012422360248447206,b'false'
111,1.0,1.0,0.896551724137931,1.0,1.0,1.0,0.007692307692307692,1.0,0.4636338872241896,1.0,1.0,1.0,1.0,0.48672566371681414,0.49390243902439024,0.0,1.0,0.7420382165605096,1.0,1.0,0.9999999999999999,b'false'
112,0.014218009478672987,0.0,0.0,0.0,0.013500482160077147,0.006447570350403054,0.16153846153846152,0.03880098592669158,0.07712476164532825,0.00024992447499295664,0.0070052539404553416,0.0002498966146781415,0.0,0.0,0.0,0.0,0.07042253521126761,0.025477707006369428,0.011904761904761904,0.01597051597051597,0.0,b'false'
113,0.09952606635071092,0.031578947368421054,0.0,0.04838709677419355,0.1282545805207329,0.0945820787793706,0.038461538461538464,0.15265961676075376,0.2872854807954236,0.014437463564578912,0.09457092819614711,0.014437421708811439,0.0125,0.0855457227138643,0.18902439024390244,0.0,0.25352112676056343,0.15286624203821658,0.13412698412698412,0.11916461916461916,0.037267080745341616,b'false'
114,0.9715639810426542,0.7578947368421052,1.0,0.6451612903225806,0.7227579556412729,0.7445434202197115,0.015384615384615384,0.3451538522700167,1.0,0.2570093505026764,0.7443082311733801,0.257009307520601,0.5625,1.0,0.25609756097560976,0.0,0.6619718309859155,1.0,0.7388888888888889,0.6977886977886978,0.8695652173913043,b'true'
115,0.018957345971563982,0.0,0.0,0.0,0.011571841851494697,0.006087847197079235,0.15384615384615385,0.039755108531446294,0.07099564151457369,0.0002420217615006293,0.005253940455341506,0.00024204033314645414,0.0,0.0,0.0,0.0,0.11267605633802817,0.028662420382165606,0.01111111111111111,0.012285012285012284,0.0,b'false'
116,0.04028436018957346,0.031578947368421054,0.10344827586206896,0.0,0.03616200578592093,0.02156061451926738,0.05384615384615385,0.12228671384272881,0.08172160174339417,0.0026373797243107295,0.021015761821366025,0.0026373704256800784,0.08750000000000001,0.032448377581120944,0.054878048780487805,0.0,0.2112676056338028,0.04140127388535032,0.03968253968253969,0.030712530712530713,0.037267080745341616,b'false'
117,0.047393364928909956,0.02105263157894737,0.0,0.03225806451612903,0.029411764705882356,0.01740569530514568,0.0923076923076923,0.0686173173252763,0.11767910651048762,0.0011936394040029789,0.017513134851138354,0.0011936533280378653,0.0,0.0058997050147492625,0.012195121951219513,0.0,0.15492957746478872,0.050955414012738856,0.03015873015873016,0.028255528255528253,0.024844720496894408,b'false'
118,0.06161137440758295,0.031578947368421054,0.0,0.03225806451612903,0.03567984570877532,0.02105489982644526,0.06923076923076922,0.09302695396358432,0.10494415690547534,0.0019587075048007243,0.021015761821366025,0.0019587214252832527,0.0,0.008849557522123894,0.054878048780487805,0.0,0.16901408450704225,0.04777070063694268,0.03730158730158731,0.033169533169533166,0.037267080745341616,b'false'
119,0.033175355450236976,0.031578947368421054,0.0,0.04838709677419355,0.026036644165863067,0.015602991775420632,0.061538461538461535,0.10391985370120062,0.06963361481885044,0.0016210638386814176,0.01576182136602452,0.0016210684743469008,0.0125,0.0,0.006097560975609756,0.0,0.18309859154929578,0.04777070063694268,0.020634920634920634,0.0343980343980344,0.037267080745341616,b'false'
120,0.1137440758293839,0.12631578947368421,0.0,0.1935483870967742,0.06316297010607522,0.045155183166825125,0.038461538461538464,0.17118549733640775,0.12227594660855351,0.007730502128803895,0.04553415061295972,0.007730497449717291,0.0125,0.0,0.006097560975609756,0.0,0.35211267605633806,0.10191082802547771,0.06190476190476191,0.06511056511056511,0.09316770186335403,b'false'
121,0.028081292890995264,0.018814985263157898,0.0,0.014414706451612903,0.05134427907425266,0.03131569961493272,0.04615384615384615,0.14228090177307784,0.10246597873195314,0.0044454317200451395,0.03208207460595447,0.004445453434816433,0.07952838500000001,0.029684017699115044,0.09211151341463414,0.0,0.18609262535211268,0.05583261464968153,0.04959367841269841,0.05405405405405405,0.022204019875776394,b'false'
122,0.037914691943127965,0.010526315789473684,0.0,0.0,0.025072324011571844,0.014716531147586935,0.05384615384615385,0.11433569213643954,0.059690819940070826,0.001682056814260273,0.014010507880910683,0.0016820800224121326,0.0,0.0,0.03658536585365854,0.0,0.19718309859154928,0.038216560509554146,0.023015873015873014,0.028255528255528253,0.012422360248447206,b'false'
123,0.023696682464454978,0.0,0.0,0.0,0.010607521697203472,0.004814800972654034,0.1076923076923077,0.05565715194402481,0.040111686189049305,0.000267995779876704,0.005253940455341506,0.000268032924171505,0.0,0.0,0.03048780487804878,0.0,0.09859154929577466,0.012738853503184714,0.011904761904761904,0.0085995085995086,0.0,b'false'
124,0.011848341232227489,0.0,0.0,0.0,0.0033751205400192863,0.0013115879908527544,0.3846153846153846,0.015902043412578518,0.03823889948242986,2.0857220333451517e-05,0.0017513134851138354,2.0894365775764342e-05,0.0,0.0,0.0,0.0,0.04225352112676056,0.009554140127388536,0.0031746031746031746,0.0036855036855036856,0.0,b'false'
125,0.03080568720379147,0.010526315789473684,0.0,0.0,0.02651880424300868,0.015186623904771473,0.1076923076923077,0.056213723463465065,0.12523835467175157,0.0008538691557570644,0.01576182136602452,0.000853827363060834,0.0,0.0,0.0,0.0,0.14084507042253522,0.0445859872611465,0.029365079365079365,0.022113022113022112,0.012422360248447206,b'false'
126,0.03080568720379147,0.0,0.0,0.0,0.023143683702989394,0.011445736696666957,0.2769230769230769,0.022024330126421247,0.24101062380822663,0.0002520185547726509,0.01225919439579685,0.00025198605125571793,0.0,0.0,0.0,0.0,0.02816901408450704,0.04140127388535032,0.019047619047619046,0.029484029484029485,0.0,b'false'
127,0.011848341232227489,0.0,0.0,0.0,0.0057859209257473485,0.0025221498363726825,0.20769230769230768,0.029816331398584722,0.0392263688368292,7.519185798751421e-05,0.0017513134851138354,7.521971679275163e-05,0.0,0.0,0.006097560975609756,0.0,0.07042253521126761,0.012738853503184714,0.005555555555555556,0.006142506142506142,0.0,b'false'
128,0.04035996819248992,0.02105263157894737,-0.0011002268010603116,0.0,0.02223320782078478,0.012626340573863698,0.09169410428402405,0.06412322627956998,0.09116815797296908,0.0008097759505917318,0.012287133605280868,0.0008098188466761632,0.050797664430768726,0.0,0.012097845801125766,0.0,0.14129445883423591,0.04155369384027428,0.021441232768742362,0.023459115149499075,0.01853445162350699,b'false'
129,0.06586281722252453,0.09690411717994367,0.31744452179636723,0.11755238040213724,0.05567811264344243,0.036872305278089004,0.038461538461538464,0.16233132849870202,0.10529121416571917,0.005985682191406276,0.0362006553216262,0.005985683310804169,0.007352721697633772,-0.003401151444631372,0.046771793833222934,0.0,0.26818560882280185,0.07272384424944038,0.05473852725359266,0.057132507718639855,0.11435889605086519,b'false'
130,0.13270142180094788,0.08421052631578947,0.0,0.0967741935483871,0.10221793635486981,0.07699185016829906,0.023076923076923075,0.2327264053430866,0.15339825660582945,0.017917276261725668,0.07705779334500876,0.017917252962570334,0.07500000000000001,0.02064896755162242,0.03658536585365854,0.0,0.4366197183098592,0.1305732484076433,0.10873015873015873,0.09213759213759214,0.08695652173913043,b'true'
131,0.004739336492890996,0.0,0.0,0.0,0.00626808100289296,0.002828148103161126,0.1769230769230769,0.034825475073546955,0.03769408880414056,9.8384604106301e-05,0.0035026269702276708,9.837067407229852e-05,0.0,0.0,0.0,0.0,0.08450704225352114,0.012738853503184714,0.006349206349206349,0.006142506142506142,0.0,b'false'
132,0.014218009478672987,0.0,0.0,0.0,0.008678881388621024,0.004438142800748411,0.1692307692307692,0.03577959767830166,0.05751157722691365,0.00015879718063313488,0.005253940455341506,0.000158797179895809,0.0125,0.0,0.006097560975609756,0.0,0.09859154929577466,0.025477707006369428,0.007142857142857143,0.011056511056511056,0.0,b'false'
133,0.047393364928909956,0.031578947368421054,0.0,0.03225806451612903,0.02892960462873674,0.018122805747161342,0.07692307692307693,0.08157748270652779,0.10296921819667665,0.001478866070936103,0.017513134851138354,0.0014789032096086,0.0,0.008849557522123894,0.01829268292682927,0.0,0.19718309859154928,0.06050955414012739,0.026984126984126982,0.03194103194103194,0.037267080745341616,b'false'
134,0.06148536106938884,0.07387079869725584,0.10405951297376914,0.081216963749655,0.04369208372870502,0.027804911443610775,0.054391565422747847,0.10694973536852453,0.12030674901019064,0.002908805318460554,0.027524318704327706,0.0029087729672169563,0.17810202834187838,0.06594252957164042,0.05509421800291835,0.0,0.2384379788034194,0.060114391294028235,0.04949354639316272,0.034711932675613254,0.08717671895949447,b'false'
135,0.018957345971563982,0.0,0.0,0.0,0.00819672131147541,0.004001920080727482,0.15384615384615385,0.039755108531446294,0.04668346499591392,0.00015910363133260234,0.0035026269702276708,0.00015913148974822122,0.0,0.0,0.006097560975609756,0.0,0.1267605633802817,0.012738853503184714,0.010317460317460317,0.004914004914004914,0.0,b'false'
136,0.06127390965882652,0.014124783971403874,-0.006492633022551726,0.02366739864063496,0.06897237976591969,0.04726090743352405,0.030874141884595536,0.16262360446614238,0.11600973071982285,0.00784650583945185,0.047642098530291,0.00784653491420009,0.017737775408716447,0.035998403495718215,0.2967082729571788,0.0,0.29362251931787553,0.08841890584417716,0.0730703726070244,0.06262904932391483,0.01666899971780581,b'true'
137,0.047393364928909956,0.031578947368421054,0.0,0.03225806451612903,0.02892960462873674,0.018122805747161342,0.07692307692307693,0.08157748270652779,0.10296921819667665,0.001478866070936103,0.017513134851138354,0.0014789032096086,0.0,0.008849557522123894,0.01829268292682927,0.0,0.19718309859154928,0.06050955414012739,0.026984126984126982,0.03194103194103194,0.037267080745341616,b'false'
138,0.023696682464454978,0.02105263157894737,0.0,0.0,0.023143683702989394,0.01256811965232991,0.05384615384615385,0.11664148843126343,0.049952329065649684,0.001465674761281754,0.01225919439579685,0.0014656979704383171,0.0,0.0,0.006097560975609756,0.0,0.15492957746478872,0.028662420382165606,0.020634920634920634,0.027027027027027025,0.024844720496894408,b'false'
139,0.018957345971563982,0.010526315789473684,0.0,0.0,0.02025072324011572,0.010852427080145853,0.0846153846153846,0.0729108690466725,0.06902070280577499,0.0007909956872496585,0.010507880910683012,0.0007909771108073349,0.037500000000000006,0.008849557522123894,0.006097560975609756,0.0,0.14084507042253522,0.028662420382165606,0.02142857142857143,0.018427518427518427,0.012422360248447206,b'false'
140,0.06635071090047394,0.031578947368421054,0.0,0.03225806451612903,0.07232401157184185,0.053298591240040466,0.038461538461538464,0.14733243221753997,0.16776763824570962,0.007850630802995138,0.05253940455341506,0.007850598264196386,0.08750000000000001,0.017699115044247787,0.10975609756097561,0.0,0.35211267605633806,0.12738853503184713,0.07380952380952381,0.07002457002457002,0.031055900621118016,b'false'
141,0.10189573459715641,0.052631578947368425,0.0,0.04838709677419355,0.1827386692381871,0.1454507868360013,0.023076923076923075,0.2770135962471178,0.24342822119313537,0.04029097716787671,0.14535901926444833,0.04029093983525879,0.225,0.08259587020648967,0.20121951219512196,0.0,0.4366197183098592,0.19745222929936307,0.19365079365079366,0.16584766584766583,0.06211180124223602,b'false'
142,0.07819905213270142,0.052631578947368425,0.0,0.08064516129032258,0.06991321118611378,0.04506291651386219,0.061538461538461535,0.0954122604754711,0.2189798420049033,0.0042996054637615255,0.04553415061295972,0.004299642589336786,0.05,0.0,0.06097560975609756,0.0,0.15492957746478872,0.08598726114649682,0.07222222222222223,0.06633906633906633,0.06211180124223602,b'false'
143,0.09241706161137442,0.09473684210526315,0.0,0.11290322580645161,0.19189971070395373,0.15236377821432492,0.023076923076923075,0.24886697940685382,0.2838804140561155,0.03791339798882814,0.15236427320490367,0.037913411742366114,0.4375,0.09144542772861357,0.2804878048780488,0.0,0.36619718309859156,0.21019108280254778,0.19444444444444445,0.18796068796068796,0.11180124223602483,b'false'
144,0.011848341232227489,0.0,0.0,0.0,0.0048216007714561235,0.0021338123413071966,0.25384615384615383,0.023853065118867776,0.04147371288477254,5.089867526609428e-05,0.0017513134851138354,5.089867502976193e-05,0.0,0.0,0.0,0.0,0.07042253521126761,0.012738853503184714,0.004761904761904762,0.004914004914004914,0.0,b'false'
145,0.004739336492890996,0.0,0.0,0.0,0.009643201542912249,0.00466880943315573,0.1692307692307692,0.03577959767830166,0.060508035957504765,0.00016706206313392376,0.005253940455341506,0.00016707134874301166,0.0125,0.0,0.01829268292682927,0.0,0.11267605633802817,0.01592356687898089,0.011904761904761904,0.006142506142506142,0.0,b'false'
146,0.014218009478672987,0.010526315789473684,0.0,0.016129032258064516,0.011571841851494697,0.0059675501685326334,0.12307692307692307,0.04921682436193051,0.056251702533369655,0.00029357977008982023,0.005253940455341506,0.00029360762788104055,0.0,0.0058997050147492625,0.012195121951219513,0.0,0.11267605633802817,0.025477707006369428,0.010317460317460317,0.013513513513513513,0.012422360248447206,b'false'
147,0.05687203791469195,0.042105263157894736,0.0,0.04838709677419355,0.04773384763741562,0.032255954702913064,0.038461538461538464,0.16029259759879147,0.09329882865704167,0.005170426915030039,0.03152364273204904,0.0051704361774075405,0.025,0.0,0.03048780487804878,0.0,0.28169014084507044,0.07961783439490447,0.04047619047619048,0.05896805896805897,0.049689440993788817,b'false'
148,0.047393364928909956,0.02105263157894737,0.0,0.03225806451612903,0.034233365477338476,0.02206516127977352,0.06923076923076922,0.0869046672497416,0.11771315717788068,0.0019173459467574506,0.02276707530647986,0.001917350581047239,0.0,0.0,0.0,0.0,0.22535211267605634,0.06687898089171974,0.03492063492063492,0.033169533169533166,0.024844720496894408,b'false'
149,0.15165876777251186,0.11578947368421053,0.06896551724137931,0.11290322580645161,0.12632594021215043,0.0965331097132259,0.05384615384615385,0.12077601971853384,0.37060746390629257,0.011657918574869782,0.09632224168126095,0.011657886018393059,0.0,0.10029498525073746,0.10365853658536586,0.0,0.22535211267605634,0.1942675159235669,0.12142857142857143,0.1339066339066339,0.13664596273291924,b'false'
150,0.06599598483412324,0.023290277894736845,0.0,0.01784335806451613,0.048842521118611384,0.03208763978444642,0.05466375538461539,0.12053129496700327,0.12351353827976028,0.0038640236624161764,0.03290266830122592,0.003864012384023733,-0.0013286025000000005,0.02994010147492625,0.05034135731707317,0.0,0.27359370140845074,0.06654048343949044,0.05601178349206349,0.0377451371007371,0.027485421118012422,b'true'
151,0.15165876777251186,0.11578947368421053,0.0,0.0,0.26036644165863065,0.19428612473049967,0.015384615384615384,0.33410193209827466,0.26961318441841464,0.06491115207201326,0.19439579684763575,0.06491118891615744,0.0625,0.28023598820059,0.20121951219512196,0.0,0.25352112676056343,0.1656050955414013,0.24603174603174605,0.28255528255528256,0.13664596273291924,b'false'
152,0.011940204955770996,0.0,0.0,0.0,0.003782513999353211,0.0015367519935396347,0.30948153036932435,0.019672065456333734,0.036468034998856515,2.958774609497098e-05,0.0017060519657497255,2.9587625957404226e-05,-0.00016152704723066704,0.01195188393838883,-0.00023638104472780542,0.0,0.05561001894205897,0.009471833351729598,0.003865697112869418,0.0036537538973502376,0.0,b'false'
153,0.00023696682464455004,0.004210526315789472,0.013793103448275862,0.006451612903225806,0.00014464802314368368,7.591560053911757e-05,1.0,0.010336328218176037,0.004426586761100517,6.036150141025595e-07,0.22767075306479861,1.0865070203397457e-05,0.025,0.0058997050147492625,0.012195121951219513,1.0,0.002816901408450702,0.003821656050955414,0.00015873015873015873,0.0014742014742014742,0.00248447204968944,b'false'
154,0.026066350710900476,0.02105263157894737,0.0,0.0,0.024108003857280617,0.013281142331239622,0.07692307692307693,0.08284964617953408,0.07433260691909561,0.0011000047857384235,0.014010507880910683,0.001100046569362441,0.0,0.0,0.006097560975609756,0.0,0.1267605633802817,0.038216560509554146,0.01984126984126984,0.030712530712530713,0.024844720496894408,b'false'
155,0.007109004739336493,0.0,0.0,0.0,0.0019286403085824494,0.0006779847094301191,0.5153846153846153,0.011926532559433888,0.02635521656224462,8.083797996558122e-06,0.0,8.107013920996565e-06,0.0,0.008849557522123894,0.006097560975609756,0.0,0.02816901408450704,0.006369426751592357,0.0015873015873015875,0.002457002457002457,0.0,b'false'
156,0.014218009478672987,0.0,0.0,0.0,0.004339440694310511,0.0019399355768534503,0.22307692307692303,0.027828575972012406,0.03231408335603378,5.398639822284968e-05,0.0017513134851138354,5.399104116457506e-05,0.0,0.0,0.012195121951219513,0.0,0.08450704225352114,0.009554140127388536,0.004761904761904762,0.0036855036855036856,0.0,b'false'
157,0.023696682464454978,0.02105263157894737,0.0,0.0,0.023143683702989394,0.01256811965232991,0.05384615384615385,0.11664148843126343,0.049952329065649684,0.001465674761281754,0.01225919439579685,0.0014656979704383171,0.0,0.0,0.006097560975609756,0.0,0.15492957746478872,0.028662420382165606,0.020634920634920634,0.027027027027027025,0.024844720496894408,b'false'
158,0.0777628140991327,0.008544354129957894,-0.006492633022551726,0.016129032258064516,0.06485154144346383,0.043817981517085436,0.07164469689299999,0.08688564846784465,0.22544241832952316,0.0038327060935790277,0.0441125855650683,0.003832711884641809,0.025784526490225,-0.0009256949737168146,0.12197679211882928,0.0,0.1478577893838873,0.11127844518557325,0.05327089708805397,0.08277735457345947,0.010083399283801243,b'false'
159,0.07007316664876641,0.06062207416678559,0.06065851882222869,0.05286059314714006,0.08107097658376551,0.05545612719261699,0.03318366333599068,0.20665464737680675,0.14954942344711591,0.011449469756143213,0.055612905036681995,0.011449436251947234,0.012881277571733556,0.00870671773152399,0.03789346962387742,0.0,0.26657691666039146,0.09155779756654257,0.0762962171122264,0.08846188190826094,0.07154157820925008,b'false'
160,0.06635071090047394,0.052631578947368425,0.0,0.08064516129032258,0.06364513018322082,0.04133429259507554,0.030769230769230767,0.1908245209509422,0.10041541814219558,0.007887664905706537,0.04203152364273205,0.007887706657814141,0.08750000000000001,0.008849557522123894,0.03048780487804878,0.0,0.26760563380281693,0.06369426751592357,0.06666666666666667,0.05896805896805897,0.043478260869565216,b'false'
161,0.014218009478672987,0.0,0.0,0.0,0.011571841851494697,0.005703597465119702,0.13076923076923078,0.04770613023773555,0.055434486515935716,0.00027210500516501764,0.005253940455341506,0.0002721282198635548,0.0,0.0058997050147492625,0.03048780487804878,0.0,0.11267605633802817,0.019108280254777073,0.012698412698412698,0.009828009828009828,0.0,b'false'
162,0.004739336492890996,0.0,0.0,0.0,0.00626808100289296,0.002828148103161126,0.1769230769230769,0.034825475073546955,0.03769408880414056,9.8384604106301e-05,0.0035026269702276708,9.837067407229852e-05,0.0,0.0,0.0,0.0,0.08450704225352114,0.012738853503184714,0.006349206349206349,0.006142506142506142,0.0,b'false'
163,0.011848341232227489,0.0,0.0,0.0,0.0024108003857280617,0.0009057315110474718,0.3846153846153846,0.015902043412578518,0.026389267229637702,1.4403182874970303e-05,0.0017513134851138354,1.4375323653725867e-05,0.0,0.0,0.0,0.0,0.04225352112676056,0.006369426751592357,0.002380952380952381,0.002457002457002457,0.0,b'false'
164,0.03554502369668247,0.02105263157894737,0.06896551724137931,0.0,0.018804243008678882,0.009922752956620658,0.13076923076923078,0.04651347698179216,0.09891718877690003,0.0004615426125524816,0.010507880910683012,0.0004615147512550828,0.0,0.0,0.01829268292682927,0.0,0.11267605633802817,0.03184713375796178,0.020634920634920634,0.01597051597051597,0.024844720496894408,b'false'
165,0.07466439138783366,0.03264920666455958,0.0,0.05002701021182516,0.056004104122323886,0.03352326080566668,0.029987118206668,0.1838445508250566,0.08386143789738504,0.00616330612085402,0.03327495621716287,0.0061633351316281795,-0.0006354664570822504,0.009549971243366664,0.10055870020935488,0.0,0.18453062863567832,0.050145902602443,0.05099538617685151,0.06375715647035239,0.02547623995734882,b'true'
166,0.011848341232227489,0.0,0.0,0.0,0.0019286403085824494,0.0006779847094301191,0.3846153846153846,0.015902043412578518,0.019749387087986923,1.0781492790354945e-05,0.0,1.07814927402944e-05,0.0,0.0,0.0,0.0,0.04225352112676056,0.0031847133757961785,0.002380952380952381,0.0012285012285012285,0.0,b'false'
167,0.004739336492890996,0.0,0.0,0.0,0.01012536162005786,0.005019189127951657,0.15384615384615385,0.039755108531446294,0.058533097248706076,0.0001995458372774738,0.005253940455341506,0.00019958298189010098,0.0125,0.0,0.01829268292682927,0.0,0.1267605633802817,0.01592356687898089,0.012698412698412698,0.006142506142506142,0.0,b'false'
168,0.16350710900473936,0.12631578947368421,0.2068965517241379,0.12903225806451613,0.1706846673095468,0.1321597170800758,0.030769230769230767,0.22151546473721875,0.2765595205666031,0.029280449625209173,0.13134851138353765,0.029280444846062015,0.07500000000000001,0.04424778761061947,0.1524390243902439,0.0,0.323943661971831,0.18789808917197454,0.17222222222222222,0.1683046683046683,0.14906832298136644,b'false'
169,0.13033175355450238,0.22105263157894736,0.0,0.1774193548387097,0.218900675024108,0.17415856316294762,0.015384615384615384,0.4291961517054942,0.188129937346772,0.07475340132765496,0.1733800350262697,0.07475343812609966,0.0,0.0029498525073746312,0.06097560975609756,0.0,0.47887323943661975,0.18789808917197454,0.21587301587301588,0.22358722358722358,0.24223602484472045,b'false'
170,0.016587677725118485,0.0,0.0,0.0,0.021697203471552556,0.011201638842625794,0.1076923076923077,0.05565715194402481,0.09329882865704167,0.0006234507321044528,0.010507880910683012,0.0006234878747488079,0.0,0.0029498525073746312,0.012195121951219513,0.0,0.11267605633802817,0.028662420382165606,0.024603174603174603,0.0171990171990172,0.0,b'false'
171,0.09822342157794076,0.06378987214861893,0.0,0.0967741935483871,0.125602243802811,0.0948153291356769,0.07530667315834001,0.08534357713369747,0.5357031775840182,0.008007883628993028,0.09404520267846936,0.008007918925362541,0.014376182941212491,0.0006198598507840676,0.02475632837877317,0.0,0.13606220275079994,0.20162281744469365,0.10488102748833096,0.1576768538227678,0.07490706741688696,b'false'
172,0.014218009478672987,0.0,0.0,0.0,0.002892960462873674,0.0010563947798097205,0.3846153846153846,0.015902043412578518,0.03081585399073822,1.680371335413202e-05,0.0017513134851138354,1.6715492620611473e-05,0.0125,0.0,0.012195121951219513,0.0,0.04225352112676056,0.006369426751592357,0.0031746031746031746,0.002457002457002457,0.0,b'false'
173,0.03822326682464455,0.02105263157894737,0.0,0.01784335806451613,0.10117929170684667,0.06774632698717845,0.020624118461538457,0.25241705740637677,0.12038495467175157,0.016938209013419907,0.06785292014010508,0.016938173471326413,0.138286025,0.010615863126843653,0.09885717317073171,0.0,0.25052709295774656,0.08003254331210191,0.09531891555555556,0.11025063562653563,0.024844720496894408,b'false'
174,0.04028436018957346,0.02105263157894737,0.0,0.0,0.04339440694310511,0.026806382516520406,0.061538461538461535,0.10248866979406855,0.12122037591936802,0.0027483984549814384,0.02626970227670753,0.0027483612966809384,0.0125,0.032448377581120944,0.04878048780487805,0.0,0.18309859154929578,0.06050955414012739,0.043650793650793655,0.042997542997543,0.024844720496894408,b'false'
175,0.02132701421800948,0.0,0.0,0.0,0.01012536162005786,0.004072579985844661,0.13846153846153844,0.04476425220640853,0.042222827567420324,0.0001821431521016554,0.0035026269702276708,0.000182115292101562,0.0,0.0,0.0,0.0,0.056338028169014086,0.012738853503184714,0.009523809523809523,0.011056511056511056,0.0,b'false'
176,0.04976303317535545,0.031578947368421054,0.10344827586206896,0.03225806451612903,0.0467695274831244,0.031053568383605037,0.061538461538461535,0.10137552675518804,0.14202533369654047,0.0031481401764746502,0.03152364273204904,0.003148112302702862,0.0,0.0,0.0,0.0,0.22535211267605634,0.08280254777070065,0.046031746031746035,0.04791154791154791,0.037267080745341616,b'false'
177,0.09478672985781991,0.052631578947368425,0.0,0.06451612903225806,0.08100289296046287,0.05756504799033887,0.04615384615384615,0.13683708356523816,0.19504222282756742,0.007876368018557985,0.05779334500875657,0.007876340122832125,0.037500000000000006,0.13864306784660768,0.24390243902439024,0.0,0.28169014084507044,0.11464968152866242,0.0865079365079365,0.07248157248157248,0.06211180124223602,b'false'
178,0.028436018957345974,0.02105263157894737,0.0,0.016129032258064516,0.031340405014464806,0.01832602597014298,0.05384615384615385,0.11075773236860938,0.07671615363661129,0.002029585837033614,0.017513134851138354,0.0020295951139946452,0.05,0.05604719764011799,0.07926829268292683,0.0,0.16901408450704225,0.0445859872611465,0.027777777777777776,0.036855036855036855,0.024844720496894408,b'false'
179,0.009478672985781991,0.0,0.0,0.0,0.0019286403085824494,0.0006779847094301191,0.5153846153846153,0.011926532559433888,0.02635521656224462,8.083797996558122e-06,0.0,8.107013920996565e-06,0.0125,0.0029498525073746312,0.012195121951219513,0.0,0.02816901408450704,0.006369426751592357,0.0015873015873015875,0.002457002457002457,0.0,b'false'
180,0.016587677725118485,0.0,0.0,0.0,0.0038572806171648984,0.0015767086265816724,0.3076923076923077,0.019877554265723147,0.03677472078452738,3.1341548809171356e-05,0.0017513134851138354,3.1341548663646515e-05,0.0,0.0029498525073746312,0.012195121951219513,0.0,0.056338028169014086,0.009554140127388536,0.003968253968253969,0.0036855036855036856,0.0,b'false'
181,0.16113744075829387,0.1894736842105263,0.6206896551724138,0.1935483870967742,0.20106075216972036,0.16036878630809587,0.023076923076923075,0.2907688637989982,0.2556864614546445,0.046631293557701,0.16112084063047286,0.046631293341182926,0.0,0.05309734513274336,0.14634146341463417,0.0,0.4225352112676057,0.20382165605095542,0.2111111111111111,0.1855036855036855,0.22360248447204967,b'false'
